2020977,20200001,20/1/2020
2030187,20200002,20/1/2020
2030197,20200003,20/1/2020
2030207,20200004,20/1/2020
2030217,20200005,20/1/2020
2022040,20200006,20/1/2020
2030117,20200007,20/1/2020
2020977,20200008,20/5/2020
2030187,20200009,20/5/2020
2030197,20200010,20/5/2020
2030207,20200011,20/5/2020
2030217,20200012,20/5/2020
2022040,20200013,20/5/2020
2030117,20200014,20/5/2020
2030127,20200015,20/5/2020
2030237,20200016,20/5/2020
2030077,20200017,20/5/2020
2030157,20200018,20/5/2020
2030107,20200019,20/5/2020
2030177,20200020,20/5/2020
2022050,20200021,20/5/2020
2020977,20200022,20/10/2020
2030187,20200023,20/10/2020
2030197,20200024,20/10/2020
2030207,20200025,20/10/2020
2030217,20200026,20/10/2020
2022040,20200027,20/10/2020
2030117,20200028,20/10/2020
2030127,20200029,20/10/2020
2030237,20200030,20/10/2020
2030077,20200031,20/10/2020
2030157,20200032,20/10/2020
2030107,20200033,20/10/2020
2030177,20200034,20/10/2020
2022050,20200035,20/10/2020
2030137,20200036,20/10/2020
2022010,20200037,20/10/2020
2030087,20200038,20/10/2020
2030147,20200039,20/10/2020
2022020,20200040,20/10/2020
2030097,20200041,20/10/2020
2022030,20200042,20/10/2020
2030167,20200043,20/10/2020
2030227,20200044,20/10/2020
